x0,x1,x2,x3,x4,x5,x6,x7,x8,x9,x10,x11,x12,x13,x14,x15,x16,x17,x18,x19,x20,y0,y1,y2,y3,y4,y5,y6,y7,y8,y9,y10,y11,y12,y13,y14,y15,y16,y17,y18,y19,y20,z0,z1,z2,z3,z4,z5,z6,z7,z8,z9,z10,z11,z12,z13,z14,z15,z16,z17,z18,z19,z20,target
0.32957085967063904,0.5613724589347839,0.6646165251731873,0.6785491704940796,0.6825166940689087,0.5222498178482056,0.5399512648582458,0.5370031595230103,0.5234416723251343,0.390566349029541,0.4133109450340271,0.4245903193950653,0.4213921129703522,0.25933319330215454,0.28442439436912537,0.3188725709915161,0.32377558946609497,0.11966297030448914,0.16978242993354797,0.21436288952827454,0.2216859608888626,0.7313457727432251,0.6195399761199951,0.4690241813659668,0.3235509693622589,0.2021767646074295,0.3528464436531067,0.24488729238510132,0.35513633489608765,0.4430646300315857,0.36726921796798706,0.2574205994606018,0.40433260798454285,0.4892401099205017,0.39329075813293457,0.29181694984436035,0.43817734718322754,0.5174346566200256,0.4279736578464508,0.3380219042301178,0.4397813677787781,0.5042915940284729,-1.4523629943141714e-06,-0.05264369025826454,-0.0629589706659317,-0.08386176824569702,-0.09188802540302277,0.05044069141149521,-0.07150386273860931,-0.14366507530212402,-0.16562101244926453,0.04053866118192673,-0.10398128628730774,-0.15380851924419403,-0.14690843224525452,0.009077164344489574,-0.1374044269323349,-0.11800213158130646,-0.05681508406996727,-0.025949537754058838,-0.11315399408340454,-0.08030422031879425,-0.025652339681982994,A
0.37625256180763245,0.2500344514846802,0.206592857837677,0.3046529293060303,0.4283648133277893,0.2595708966255188,0.2670519948005676,0.27514806389808655,0.2844707667827606,0.35842737555503845,0.36646926403045654,0.3687779903411865,0.365047812461853,0.4477294385433197,0.46098625659942627,0.4565372169017792,0.44669124484062195,0.5380012392997742,0.5512946248054504,0.5472581386566162,0.537529706954956,0.8054611682891846,0.7217714786529541,0.5939286351203918,0.4895201027393341,0.49036210775375366,0.43558695912361145,0.29433271288871765,0.20787553489208221,0.12935280799865723,0.42849916219711304,0.27141907811164856,0.16944724321365356,0.07661321759223938,0.4536183774471283,0.31218209862709045,0.21987175941467285,0.13978442549705505,0.5032402276992798,0.3962916433811188,0.3218808174133301,0.2558068037033081,7.572612048534211e-07,-0.06440411508083344,-0.09848624467849731,-0.13160191476345062,-0.16579420864582062,-0.03811027854681015,-0.08150466531515121,-0.129238560795784,-0.17202533781528473,-0.049851782619953156,-0.08670664578676224,-0.1326000988483429,-0.17097102105617523,-0.07118004560470581,-0.10676518082618713,-0.14741098880767822,-0.1808682531118393,-0.10142488777637482,-0.13466307520866394,-0.15811076760292053,-0.17890912294387817,B
0.3302775025367737,0.48083221912384033,0.5743226408958435,0.6619740724563599,0.7428488731384277,0.4444650411605835,0.5024114847183228,0.5901430249214172,0.6643102169036865,0.4056198000907898,0.477828711271286,0.5861595273017883,0.6629564166069031,0.37286558747291565,0.4450445771217346,0.5588887929916382,0.6354432106018066,0.36114346981048584,0.44203558564186096,0.5252561569213867,0.5873028635978699,0.6421940326690674,0.576375424861908,0.5068001747131348,0.4774708151817322,0.44408994913101196,0.31559866666793823,0.1990736722946167,0.17517927289009094,0.1851082295179367,0.315062940120697,0.1650284379720688,0.14892660081386566,0.18788833916187286,0.3226911127567291,0.18588031828403473,0.17452196776866913,0.20528465509414673,0.34997329115867615,0.24286189675331116,0.2234492301940918,0.23659676313400269,8.412148986280954e-07,0.0650167316198349,0.06990230083465576,0.042894721031188965,0.009995309635996819,0.11574958264827728,0.09746623039245605,0.06056664511561394,0.03097286820411682,0.04262271896004677,0.009406859055161476,-0.047259822487831116,-0.08520150184631348,-0.03277561441063881,-0.058708298951387405,-0.09443335235118866,-0.11901367455720901,-0.10594678670167923,-0.12826751172542572,-0.1431993693113327,-0.15463434159755707,C
0.5032458305358887,0.6012778282165527,0.6600500345230103,0.6193479895591736,0.5410952568054199,0.6041550040245056,0.6056045889854431,0.6037448048591614,0.5954639315605164,0.5219235420227051,0.5179888606071472,0.5329079031944275,0.5416896343231201,0.44622883200645447,0.4470701217651367,0.47761520743370056,0.4917861521244049,0.37104886770248413,0.3822811245918274,0.4173540771007538,0.43341970443725586,0.779610812664032,0.7129629850387573,0.6064777374267578,0.5247317552566528,0.4935781955718994,0.41786301136016846,0.2631271481513977,0.16818425059318542,0.0871773362159729,0.44114160537719727,0.3596124053001404,0.4642525911331177,0.5437214374542236,0.4805763363838196,0.41148144006729126,0.517587423324585,0.5946418642997742,0.531048595905304,0.45720747113227844,0.5279884338378906,0.5891507863998413,3.32378462530869e-08,-0.05827317759394646,-0.09186235815286636,-0.12534578144550323,-0.15873302519321442,-0.05245382338762283,-0.1015913337469101,-0.13309679925441742,-0.15496587753295898,-0.057347338646650314,-0.14700472354888916,-0.17310142517089844,-0.16883887350559235,-0.06767058372497559,-0.15656337141990662,-0.14486582577228546,-0.11138442903757095,-0.08247911185026169,-0.14121098816394806,-0.12304820120334625,-0.09270510077476501,D
0.4966546297073364,0.638413667678833,0.7127489447593689,0.6446397304534912,0.5564305782318115,0.6462957262992859,0.638849675655365,0.6246871948242188,0.6258524656295776,0.5421200394630432,0.5385875701904297,0.5326941013336182,0.5462954044342041,0.44620397686958313,0.4309684634208679,0.44452184438705444,0.4663560688495636,0.35182708501815796,0.34750354290008545,0.3736181855201721,0.3967353105545044,0.8188669085502625,0.7442343235015869,0.5988126993179321,0.494154155254364,0.45551785826683044,0.4481828212738037,0.297953724861145,0.40486395359039307,0.4968274235725403,0.4474698305130005,0.29718565940856934,0.4383375644683838,0.5349080562591553,0.46128591895103455,0.3167308568954468,0.4538182020187378,0.5506252646446228,0.4931878447532654,0.37459689378738403,0.46277695894241333,0.5451272130012512,-1.1451662658146233e-06,-0.05229172110557556,-0.06580756604671478,-0.08051132410764694,-0.0860678181052208,-0.009495912119746208,-0.08094625174999237,-0.1170148029923439,-0.12535318732261658,-0.010431299917399883,-0.08816128224134445,-0.10430556535720825,-0.08832614123821259,-0.024451835080981255,-0.10252146422863007,-0.08667060732841492,-0.0472552515566349,-0.043251145631074905,-0.09585054963827133,-0.07654885947704315,-0.043127842247486115,E
0.4723922610282898,0.5804616212844849,0.6582808494567871,0.7186341285705566,0.7002766132354736,0.508421778678894,0.5431694984436035,0.6081646084785461,0.6616010069847107,0.4381716251373291,0.43015381693840027,0.43190890550613403,0.42984870076179504,0.3754758834838867,0.3513227105140686,0.34379130601882935,0.33999204635620117,0.3148995041847229,0.2905210554599762,0.27471923828125,0.26579898595809937,0.8760373592376709,0.7797852754592896,0.6578444242477417,0.5595318078994751,0.47172752022743225,0.4928532540798187,0.35606056451797485,0.372012734413147,0.4216959476470947,0.48209577798843384,0.3015546202659607,0.179886132478714,0.07557842135429382,0.5110974311828613,0.34451594948768616,0.2298908680677414,0.13095244765281677,0.569431722164154,0.447066068649292,0.35666510462760925,0.27271589636802673,6.516191888294998e-07,-0.034385036677122116,-0.05986209213733673,-0.09277604520320892,-0.12201252579689026,-0.009366585873067379,-0.09646715223789215,-0.171617791056633,-0.20781005918979645,-0.031006697565317154,-0.07720427960157394,-0.13033194839954376,-0.16865696012973785,-0.06518498063087463,-0.10703089088201523,-0.14405545592308044,-0.16828091442584991,-0.10455723106861115,-0.13486604392528534,-0.145125612616539,-0.15066881477832794,F
0.7740189433097839,0.7746275663375854,0.7020307183265686,0.5872763991355896,0.5008030533790588,0.5525913834571838,0.39497244358062744,0.2975819706916809,0.20529693365097046,0.5223397016525269,0.4529711604118347,0.5708690881729126,0.6101711392402649,0.5049141049385071,0.447398841381073,0.5665897130966187,0.6017212867736816,0.5033456087112427,0.4621780514717102,0.5495910048484802,0.5824501514434814,0.8000423908233643,0.7027835249900818,0.6059194207191467,0.6073105931282043,0.6395868062973022,0.5027889013290405,0.4665307402610779,0.45999783277511597,0.4507453739643097,0.5867518782615662,0.6056732535362244,0.6493750810623169,0.6306374073028564,0.6648013591766357,0.690502405166626,0.7168866395950317,0.6899247765541077,0.7451295852661133,0.7576608657836914,0.7659587860107422,0.7506462335586548,-4.758580303132476e-07,-0.08087661862373352,-0.11302872747182846,-0.13443729281425476,-0.14432871341705322,-0.0728386715054512,-0.14956238865852356,-0.1922949254512787,-0.21865779161453247,-0.06643179059028625,-0.1518934965133667,-0.15876619517803192,-0.14605043828487396,-0.07326299697160721,-0.16111914813518524,-0.13362738490104675,-0.09533166140317917,-0.0889473706483841,-0.14408746361732483,-0.11980481445789337,-0.08821073919534683,G
0.7942386865615845,0.7966880798339844,0.6938740611076355,0.5635189414024353,0.45114460587501526,0.5307998657226562,0.3632100820541382,0.24930423498153687,0.1486111879348755,0.48334595561027527,0.2985193133354187,0.1812341809272766,0.0769176185131073,0.48023924231529236,0.40527814626693726,0.535118043422699,0.607460081577301,0.5015686750411987,0.4476824700832367,0.5491746068000793,0.6085511445999146,0.7699989080429077,0.6449778079986572,0.5501610040664673,0.5646318793296814,0.5870095491409302,0.4599161446094513,0.41054049134254456,0.3893005847930908,0.37516307830810547,0.5360358357429504,0.4828840494155884,0.45531320571899414,0.43254122138023376,0.6234989166259766,0.6181946396827698,0.6430196762084961,0.6467418074607849,0.7172859907150269,0.702440083026886,0.7095048427581787,0.7045524716377258,8.373626769753173e-07,-0.09733559191226959,-0.12385903298854828,-0.1423109471797943,-0.15354768931865692,-0.043144211173057556,-0.10042835026979446,-0.13682255148887634,-0.15729397535324097,-0.039090096950531006,-0.1087273433804512,-0.15176895260810852,-0.16485628485679626,-0.049231234937906265,-0.16865354776382446,-0.19223473966121674,-0.16719017922878265,-0.06540671736001968,-0.16236460208892822,-0.16565881669521332,-0.14146991074085236,H
0.4622817635536194,0.5994220972061157,0.6597402095794678,0.5859955549240112,0.471098929643631,0.5409811735153198,0.5337700843811035,0.5558924674987793,0.5600927472114563,0.44879046082496643,0.43089979887008667,0.47676941752433777,0.49322640895843506,0.3619401454925537,0.3333898186683655,0.4024065434932709,0.4369029402732849,0.27507513761520386,0.22142840921878815,0.1928827166557312,0.1574041247367859,0.7929683923721313,0.7074452638626099,0.5504980087280273,0.4510447382926941,0.4856179654598236,0.40751883387565613,0.2930813133716583,0.3996574580669403,0.46884799003601074,0.4190020263195038,0.31789207458496094,0.4404911696910858,0.503204882144928,0.44302308559417725,0.3519552946090698,0.46470755338668823,0.5420297384262085,0.4712044894695282,0.34846800565719604,0.2723546028137207,0.19045591354370117,-1.510194010734267e-06,-0.03809419274330139,-0.050535038113594055,-0.06851323693990707,-0.07471289485692978,-0.010867318138480186,-0.07459945231676102,-0.10721608996391296,-0.11634846031665802,-0.024400588124990463,-0.09845966845750809,-0.12080666422843933,-0.11742708832025528,-0.04896218329668045,-0.1184225007891655,-0.11850696802139282,-0.0968557670712471,-0.07782100141048431,-0.10793032497167587,-0.1124967411160469,-0.11080630868673325,I
0.6945090293884277,0.7506759166717529,0.7319962382316589,0.6322917938232422,0.5412461161613464,0.6121922731399536,0.5490710735321045,0.5951499938964844,0.6290199160575867,0.5406878590583801,0.47628161311149597,0.5486491918563843,0.5912520289421082,0.480269193649292,0.4165448248386383,0.5073912143707275,0.5710983276367188,0.4294150471687317,0.34281212091445923,0.2872961759567261,0.22838646173477173,0.7413597702980042,0.6202399730682373,0.47021231055259705,0.4114270508289337,0.44657421112060547,0.3609578609466553,0.24510560929775238,0.330495148897171,0.3924160897731781,0.41328635811805725,0.31675252318382263,0.4115065336227417,0.45970988273620605,0.4756334125995636,0.3933183550834656,0.47449949383735657,0.5315864086151123,0.5421075820922852,0.46717050671577454,0.419605553150177,0.3640870749950409,-1.259338432646473e-06,-0.043467409908771515,-0.06339476257562637,-0.08681681007146835,-0.098182313144207,-0.021714117377996445,-0.08907430619001389,-0.12334127724170685,-0.13322319090366364,-0.030280135571956635,-0.10684949159622192,-0.13330018520355225,-0.1328255534172058,-0.04955175518989563,-0.12158337980508804,-0.12796811759471893,-0.11107444763183594,-0.07278787344694138,-0.10661212354898453,-0.11647755652666092,-0.1176091656088829,J
0.4903193414211273,0.5820714831352234,0.5977603197097778,0.5693924427032471,0.5433321595191956,0.5750436186790466,0.5919901132583618,0.5966616868972778,0.5975695252418518,0.5018540620803833,0.4888189136981964,0.48508402705192566,0.47979071736335754,0.42880943417549133,0.43135595321655273,0.4711794853210449,0.4911332130432129,0.3644561171531677,0.40079379081726074,0.4512993395328522,0.47832396626472473,0.7534794807434082,0.6789942979812622,0.5423153042793274,0.43104851245880127,0.34818950295448303,0.46761554479599,0.32927262783050537,0.24269717931747437,0.1663646399974823,0.47656384110450745,0.3533570170402527,0.26911139488220215,0.19289270043373108,0.5069064497947693,0.4217953681945801,0.5031782984733582,0.569953441619873,0.5520009398460388,0.5010775327682495,0.564130425453186,0.6200528740882874,9.318403613178816e-07,-0.04904617741703987,-0.05632592737674713,-0.06299062073230743,-0.06639505922794342,-0.0244737695902586,-0.05652083829045296,-0.07420240342617035,-0.08539492636919022,-0.02309573069214821,-0.07320252805948257,-0.10142552852630615,-0.11447333544492722,-0.027754202485084534,-0.11494983732700348,-0.1277131289243698,-0.1108468696475029,-0.034351032227277756,-0.11785751581192017,-0.12929892539978027,-0.11762192100286484,K
0.33448028564453125,0.480962336063385,0.6059773564338684,0.7265139818191528,0.84003084897995,0.4809556305408478,0.48315078020095825,0.4761565625667572,0.46553507447242737,0.3823047876358032,0.381141722202301,0.3889596462249756,0.3949704170227051,0.28766462206840515,0.28928256034851074,0.3199732303619385,0.33971643447875977,0.19450223445892334,0.20458507537841797,0.24215316772460938,0.26485753059387207,0.8000128269195557,0.7527568340301514,0.6376641988754272,0.5513110756874084,0.5227967500686646,0.4524792432785034,0.278764545917511,0.16938450932502747,0.07917293906211853,0.4685802161693573,0.3922698199748993,0.5281324982643127,0.6172283291816711,0.5027823448181152,0.4428328275680542,0.5711292624473572,0.6487199068069458,0.5486567616462708,0.4859004020690918,0.5746461153030396,0.634040117263794,-4.086343352582844e-08,-0.07721401005983353,-0.11883315443992615,-0.15927885472774506,-0.20073604583740234,-0.07531952112913132,-0.14059442281723022,-0.18001559376716614,-0.20910610258579254,-0.07605580240488052,-0.1946626603603363,-0.2167566865682602,-0.20326896011829376,-0.08530905842781067,-0.20063622295856476,-0.173909991979599,-0.12371262907981873,-0.10134723037481308,-0.17849232256412506,-0.15498670935630798,-0.11666285246610641,L
0.6091534495353699,0.6941779255867004,0.6974155306816101,0.6174765229225159,0.5381594896316528,0.6936843395233154,0.6919460892677307,0.6721954941749573,0.6640918850898743,0.6143221259117126,0.6002998352050781,0.5874696969985962,0.5929085612297058,0.5379244089126587,0.5148144960403442,0.5226162075996399,0.5405715107917786,0.46295392513275146,0.4345552325248718,0.44847142696380615,0.4734708368778229,0.7209609746932983,0.6124022603034973,0.4743601381778717,0.3868427574634552,0.3437984585762024,0.38371285796165466,0.28913432359695435,0.3416537642478943,0.41316917538642883,0.37411677837371826,0.25984328985214233,0.32427170872688293,0.40501895546913147,0.3814307153224945,0.2820916771888733,0.33834677934646606,0.4151638448238373,0.40215614438056946,0.30146506428718567,0.31904661655426025,0.37292060256004333,-8.043819548220199e-07,-0.03434804081916809,-0.039962440729141235,-0.049729861319065094,-0.0536373071372509,0.018656762316823006,-0.02158236876130104,-0.05416744202375412,-0.068976029753685,0.018629249185323715,-0.021983491256833076,-0.04824376478791237,-0.05456697195768356,0.008615263737738132,-0.028686625882983208,-0.04444396495819092,-0.04246768355369568,-0.005410352256149054,-0.027445117011666298,-0.030926736071705818,-0.026063155382871628,M
0.5625981092453003,0.6130116581916809,0.6328176259994507,0.5965072512626648,0.5515691041946411,0.6023524403572083,0.6040415167808533,0.5981801152229309,0.594063401222229,0.5622060298919678,0.5592350959777832,0.5612474679946899,0.5646774768829346,0.524633526802063,0.5205458402633667,0.5339703559875488,0.542201817035675,0.48878341913223267,0.5037105083465576,0.5272649526596069,0.5416828989982605,0.7100167274475098,0.6272462010383606,0.4949587285518646,0.41255322098731995,0.3998655378818512,0.4179360568523407,0.3220101594924927,0.37229856848716736,0.44302070140838623,0.42667534947395325,0.31640109419822693,0.3778015673160553,0.4555380344390869,0.4504726529121399,0.34808051586151123,0.41171130537986755,0.4801906943321228,0.4891635477542877,0.4349227249622345,0.5015541911125183,0.5651295185089111,-1.9351668356648588e-07,-0.014572602696716785,-0.019069021567702293,-0.023361515253782272,-0.026076558977365494,-0.0033596938010305166,-0.024368856102228165,-0.0401296429336071,-0.04733409360051155,-0.005523120518773794,-0.025814155116677284,-0.03599363937973976,-0.03756532445549965,-0.010882248170673847,-0.03544410318136215,-0.03910747170448303,-0.03568413481116295,-0.016922634094953537,-0.03967249393463135,-0.04026715084910393,-0.035743147134780884,N
0.2863396108150482,0.4100103974342346,0.49599558115005493,0.5769763588905334,0.5891544222831726,0.34024810791015625,0.40017667412757874,0.5060235857963562,0.5727770924568176,0.29832497239112854,0.3761524558067322,0.49939244985580444,0.5714094042778015,0.257490873336792,0.34298694133758545,0.4730716645717621,0.5489898920059204,0.22960583865642548,0.3274046778678894,0.42962023615837097,0.5002479553222656,0.6886250376701355,0.5829634666442871,0.45831000804901123,0.36093857884407043,0.25023412704467773,0.3038613200187683,0.15476712584495544,0.15542498230934143,0.19095726311206818,0.2995297908782959,0.11886809766292572,0.12652534246444702,0.18547257781028748,0.30531489849090576,0.13711151480674744,0.1467241644859314,0.20131899416446686,0.3295590281486511,0.20512984693050385,0.19167742133140564,0.2167130708694458,6.367878313540132e-07,0.017057467252016068,0.008767958730459213,-0.021348025649785995,-0.050391390919685364,0.08051066100597382,0.03559763729572296,-0.016292883083224297,-0.047414761036634445,0.03542857617139816,-0.0162955429404974,-0.07621761411428452,-0.11047036945819855,-0.01749684475362301,-0.05888589844107628,-0.09372590482234955,-0.11097413301467896,-0.07200635969638824,-0.10228407382965088,-0.11830469965934753,-0.12646843492984772,O
0.518320620059967,0.6122943162918091,0.6982313394546509,0.754002034664154,0.7555636167526245,0.6311306357383728,0.6652714014053345,0.7101529836654663,0.7568478584289551,0.5405891537666321,0.5799140930175781,0.5987207293510437,0.6185705065727234,0.4597634971141815,0.5038865208625793,0.5222676992416382,0.5460587739944458,0.389379620552063,0.4217885136604309,0.44265541434288025,0.4650512933731079,0.5433557629585266,0.5246380567550659,0.4878365993499756,0.45441198348999023,0.42922887206077576,0.35855185985565186,0.37659960985183716,0.39802953600883484,0.42224520444869995,0.3419119119644165,0.507057785987854,0.6192030906677246,0.7027758359909058,0.36406052112579346,0.5310027599334717,0.6144731640815735,0.6715630292892456,0.40010499954223633,0.5076397061347961,0.5607902407646179,0.5944623947143555,-8.23089862933557e-07,-0.048604436218738556,-0.08488421887159348,-0.12298699468374252,-0.1626301258802414,-0.09124239534139633,-0.15461106598377228,-0.1958874762058258,-0.21590912342071533,-0.09353885799646378,-0.1705119013786316,-0.19082015752792358,-0.19040298461914062,-0.09887953102588654,-0.1627601534128189,-0.15852588415145874,-0.13989737629890442,-0.11033099889755249,-0.14557792246341705,-0.1372654289007187,-0.119664765894413,P
0.507192850112915,0.6074396371841431,0.6813036203384399,0.6784934997558594,0.6390260457992554,0.6209636330604553,0.586562991142273,0.5496087670326233,0.5183137059211731,0.48909756541252136,0.47757312655448914,0.4989730417728424,0.5107173919677734,0.3769587278366089,0.3917410969734192,0.42411482334136963,0.442974328994751,0.29210636019706726,0.31190288066864014,0.3512909412384033,0.37410688400268555,0.4570053219795227,0.4866305887699127,0.5383965969085693,0.6319200992584229,0.7190161943435669,0.3432137072086334,0.5152326226234436,0.6299481391906738,0.6853450536727905,0.32834750413894653,0.5150699615478516,0.5975561141967773,0.6219420433044434,0.33951622247695923,0.5231944918632507,0.5621878504753113,0.5377389192581177,0.36449769139289856,0.5065522193908691,0.5478107929229736,0.5364285111427307,-7.754884450150712e-07,-0.10690888017416,-0.20422722399234772,-0.2899928689002991,-0.3723045289516449,-0.21434403955936432,-0.341904878616333,-0.4221380650997162,-0.46430209279060364,-0.20865680277347565,-0.29901614785194397,-0.315844863653183,-0.32677599787712097,-0.2106601446866989,-0.2717159390449524,-0.25246044993400574,-0.2385612577199936,-0.2260112762451172,-0.250560462474823,-0.22687485814094543,-0.20971110463142395,Q
0.4500083923339844,0.542668879032135,0.5688943266868591,0.5098505616188049,0.4328395426273346,0.5396249294281006,0.5046191215515137,0.47469455003738403,0.44362109899520874,0.47019073367118835,0.47733402252197266,0.48684269189834595,0.48897483944892883,0.39889493584632874,0.39033591747283936,0.4253631830215454,0.44651439785957336,0.3382475972175598,0.35355204343795776,0.39566928148269653,0.4187867343425751,0.8924744725227356,0.8010140657424927,0.6649637222290039,0.5657014846801758,0.4969369173049927,0.47994762659072876,0.3135119676589966,0.20944452285766602,0.11759158968925476,0.4856567680835724,0.2912425994873047,0.17241084575653076,0.07806396484375,0.5324073433876038,0.40692460536956787,0.5043660998344421,0.588043749332428,0.6068788170814514,0.5291028618812561,0.5978386402130127,0.6650476455688477,1.181199081656814e-06,-0.06511402130126953,-0.09196006506681442,-0.11803379654884338,-0.13883189857006073,-0.03624669089913368,-0.08006835728883743,-0.11104413866996765,-0.13097266852855682,-0.04009956121444702,-0.08727417141199112,-0.11599720269441605,-0.12864868342876434,-0.05331744998693466,-0.13542768359184265,-0.14606262743473053,-0.1275772899389267,-0.07148657739162445,-0.143385648727417,-0.14311759173870087,-0.12471259385347366,R
0.4812583327293396,0.6303181052207947,0.6880713105201721,0.6138105392456055,0.5590294599533081,0.6258559226989746,0.6416293382644653,0.6352872252464294,0.6115471720695496,0.5179868936538696,0.5256635546684265,0.5485220551490784,0.5462895035743713,0.42641401290893555,0.4371742308139801,0.47127673029899597,0.45876187086105347,0.3276897072792053,0.36584627628326416,0.3998475968837738,0.38699379563331604,0.6836413145065308,0.6058078408241272,0.4590827226638794,0.33113721013069153,0.2538163661956787,0.35417500138282776,0.24476812779903412,0.3164956271648407,0.39274996519088745,0.36962732672691345,0.2802659273147583,0.4083690047264099,0.4437386989593506,0.395277202129364,0.31990185379981995,0.44171983003616333,0.4759441614151001,0.4351069927215576,0.37437593936920166,0.4553636908531189,0.4829091429710388,-1.12115151296166e-06,-0.04067534580826759,-0.048430804163217545,-0.059721287339925766,-0.05818856507539749,0.00865884218364954,-0.06486047804355621,-0.08921162784099579,-0.08812505751848221,0.004021353088319302,-0.06988868862390518,-0.07013234496116638,-0.04766673594713211,-0.015475326217710972,-0.10487428307533264,-0.0738072544336319,-0.027402173727750778,-0.03759894520044327,-0.09126511961221695,-0.061881180852651596,-0.024694660678505898,S
0.5001161694526672,0.6103833913803101,0.6491283178329468,0.5658813118934631,0.46621114015579224,0.6010634899139404,0.5909498929977417,0.6116236448287964,0.6104763150215149,0.5160619020462036,0.49872222542762756,0.5344100594520569,0.5316857695579529,0.4369600713253021,0.42111819982528687,0.474303275346756,0.47859349846839905,0.3560578525066376,0.3711979389190674,0.4182884693145752,0.42092424631118774,0.7257059812545776,0.63078773021698,0.4930228888988495,0.3961068093776703,0.388248473405838,0.4229205250740051,0.30857694149017334,0.3919799327850342,0.43747949600219727,0.4361981749534607,0.3337121605873108,0.4300682246685028,0.4713537395000458,0.46525174379348755,0.37993624806404114,0.4686836004257202,0.5139760375022888,0.5047103762626648,0.4360261559486389,0.4933449327945709,0.5330691337585449,-8.947824881033739e-07,-0.02113257721066475,-0.027488989755511284,-0.03664729744195938,-0.037728432565927505,0.00013741421571467072,-0.04377370700240135,-0.07201360911130905,-0.08924020826816559,-0.012807552702724934,-0.05755264684557915,-0.06937423348426819,-0.06977222859859467,-0.03231723606586456,-0.08143892139196396,-0.06305472552776337,-0.04012041166424751,-0.053379617631435394,-0.08553048223257065,-0.06327417492866516,-0.04021380841732025,T
0.42714858055114746,0.5378879904747009,0.5689614415168762,0.49789702892303467,0.4025803506374359,0.5171184539794922,0.5087697505950928,0.4957050085067749,0.4818565249443054,0.42702001333236694,0.4172617793083191,0.4113365411758423,0.4037003815174103,0.3437647819519043,0.3289112448692322,0.3788456916809082,0.40934059023857117,0.2691975235939026,0.2771351635456085,0.3346061110496521,0.36942237615585327,0.9276050329208374,0.8239564895629883,0.6809696555137634,0.5770901441574097,0.5202810764312744,0.488368958234787,0.3151223063468933,0.20517176389694214,0.10910794138908386,0.4937271475791931,0.29846107959747314,0.16698771715164185,0.06331607699394226,0.5450916886329651,0.4349401295185089,0.5308834910392761,0.6164150238037109,0.6245150566101074,0.5303581953048706,0.5897186398506165,0.6581322550773621,1.3713087128053303e-06,-0.07401005923748016,-0.10376842319965363,-0.13258816301822662,-0.15790221095085144,-0.04855389893054962,-0.09921757131814957,-0.13415420055389404,-0.15397492051124573,-0.05239946022629738,-0.1073167696595192,-0.1428406983613968,-0.15785974264144897,-0.06508132815361023,-0.15510670840740204,-0.16697834432125092,-0.14455540478229523,-0.08309675753116608,-0.15485601127147675,-0.14686128497123718,-0.11988870799541473,U
0.4902172088623047,0.5863247513771057,0.605566143989563,0.5263594388961792,0.43408313393592834,0.5641844868659973,0.5958101153373718,0.610268235206604,0.6193887591362,0.4687049984931946,0.41565635800361633,0.38516965508461,0.35664188861846924,0.3901039659976959,0.38101065158843994,0.43803152441978455,0.4645784795284271,0.3284907042980194,0.34333962202072144,0.3987239599227905,0.4261033535003662,0.8979933261871338,0.793537974357605,0.6517698168754578,0.5596452951431274,0.5163016319274902,0.46110934019088745,0.2874952554702759,0.17725321650505066,0.08679458498954773,0.4769054651260376,0.28278982639312744,0.15827694535255432,0.06089514493942261,0.5408320426940918,0.4508448541164398,0.5418756604194641,0.6152977347373962,0.6276678442955017,0.5420781373977661,0.6126320362091064,0.6829243898391724,1.2953532859683037e-06,-0.06577173620462418,-0.09457103908061981,-0.12282437831163406,-0.14720916748046875,-0.046438977122306824,-0.0964435338973999,-0.1284407079219818,-0.14523367583751678,-0.05239488184452057,-0.11269186437129974,-0.15058021247386932,-0.16512472927570343,-0.06496737897396088,-0.16247408092021942,-0.18023085594177246,-0.1590120643377304,-0.08026251196861267,-0.1571631133556366,-0.1499675214290619,-0.1215490847826004,V
0.4594106078147888,0.544998824596405,0.5671029090881348,0.48655861616134644,0.3927895426750183,0.5567415952682495,0.5919604897499084,0.6114159226417542,0.6261582374572754,0.4650357663631439,0.460522323846817,0.4553666114807129,0.45486634969711304,0.39055386185646057,0.3307516872882843,0.30352795124053955,0.28458309173583984,0.33326002955436707,0.3348925709724426,0.3784196376800537,0.41512104868888855,0.9571020603179932,0.8700157403945923,0.7396920919418335,0.6475928425788879,0.6088756322860718,0.5525779724121094,0.37200862169265747,0.266621470451355,0.17096301913261414,0.5432219505310059,0.34630894660949707,0.22144293785095215,0.1168665885925293,0.5882187485694885,0.4081922471523285,0.2910466194152832,0.18855103850364685,0.67542564868927,0.5711719393730164,0.628709614276886,0.6964703798294067,1.3457436125463573e-06,-0.05155208706855774,-0.06862353533506393,-0.07679145038127899,-0.0886090025305748,-0.05209295079112053,-0.07727163285017014,-0.09833125025033951,-0.11495130509138107,-0.058325864374637604,-0.08175095170736313,-0.1114329993724823,-0.12894520163536072,-0.06796716153621674,-0.12363752722740173,-0.1752365082502365,-0.2055457979440689,-0.07754434645175934,-0.1447434425354004,-0.15823782980442047,-0.1579233556985855,W
0.4413115382194519,0.5368298292160034,0.5772457122802734,0.5272393822669983,0.4317512810230255,0.5022230744361877,0.47881144285202026,0.49782490730285645,0.5310855507850647,0.4067252278327942,0.4021921157836914,0.4441298246383667,0.4625265896320343,0.32678017020225525,0.3436804413795471,0.39848092198371887,0.40611472725868225,0.24875713884830475,0.27530401945114136,0.3285562992095947,0.3325817286968231,0.8868592977523804,0.7894507050514221,0.6435396671295166,0.5373526215553284,0.4849318563938141,0.43990904092788696,0.2832344174385071,0.21649588644504547,0.23435866832733154,0.4781371057033539,0.3575228452682495,0.47981032729148865,0.5543400645256042,0.5365978479385376,0.47581934928894043,0.5999996662139893,0.6560378074645996,0.6087188720703125,0.5525977611541748,0.6379511952400208,0.678154468536377,-4.865384539698425e-08,-0.05960715562105179,-0.10150569677352905,-0.14802861213684082,-0.18821462988853455,-0.020787877961993217,-0.10293528437614441,-0.14808477461338043,-0.16376042366027832,-0.0307397972792387,-0.13359493017196655,-0.15742523968219757,-0.1420178860425949,-0.0531291700899601,-0.16171643137931824,-0.13988691568374634,-0.09250747412443161,-0.080014668405056,-0.14810390770435333,-0.11985945701599121,-0.07816912233829498,X
0.45437008142471313,0.5612819194793701,0.6257678270339966,0.6837248802185059,0.7507740259170532,0.4771813452243805,0.46345558762550354,0.4716353118419647,0.4821098744869232,0.3958665132522583,0.3804740905761719,0.41354331374168396,0.43873661756515503,0.3228048086166382,0.29818814992904663,0.35176873207092285,0.39314979314804077,0.25580576062202454,0.18496379256248474,0.14080411195755005,0.10128465294837952,0.7234148383140564,0.6100480556488037,0.4436322748661041,0.3096385896205902,0.23667210340499878,0.34736815094947815,0.2458920180797577,0.3571031391620636,0.44833898544311523,0.37329137325286865,0.2781302332878113,0.41082215309143066,0.49955570697784424,0.41124939918518066,0.3199591338634491,0.44014573097229004,0.5269595384597778,0.45850610733032227,0.3501228988170624,0.2806881070137024,0.20169365406036377,-1.2726578688670998e-06,-0.04327644407749176,-0.06460562348365784,-0.09072712063789368,-0.1085648462176323,-0.026320472359657288,-0.08972840756177902,-0.1181851327419281,-0.12196230888366699,-0.0321761779487133,-0.11221340298652649,-0.13600455224514008,-0.13107745349407196,-0.04787415266036987,-0.12244696915149689,-0.12169244140386581,-0.09737580269575119,-0.06763400882482529,-0.10280077159404755,-0.10646863281726837,-0.10035717487335205,Y
0.35991162061691284,0.44586652517318726,0.48384302854537964,0.41980019211769104,0.3236023485660553,0.368148535490036,0.3436628580093384,0.3253435492515564,0.29822561144828796,0.2889750599861145,0.29828059673309326,0.34560784697532654,0.35044974088668823,0.2257097214460373,0.24113668501377106,0.3059433102607727,0.3141724169254303,0.16489586234092712,0.1886657178401947,0.24915625154972076,0.2575301229953766,0.8772614002227783,0.7772685885429382,0.6222509741783142,0.5301745533943176,0.5148928165435791,0.4447402060031891,0.26679423451423645,0.1600218117237091,0.06442111730575562,0.4914346933364868,0.41386786103248596,0.5391672849655151,0.597481906414032,0.5556212663650513,0.4981774687767029,0.6162686347961426,0.6687885522842407,0.6342309713363647,0.5706919431686401,0.6481623649597168,0.6975511312484741,-1.0516785664549388e-07,-0.05120892450213432,-0.0796634703874588,-0.10757891833782196,-0.1344153732061386,-0.0550694614648819,-0.10404615104198456,-0.1311660259962082,-0.15202642977237701,-0.06428169459104538,-0.1437012255191803,-0.15960824489593506,-0.15374453365802765,-0.07801494002342224,-0.16750754415988922,-0.14779731631278992,-0.11311247199773788,-0.09486296772956848,-0.1547681838274002,-0.12911467254161835,-0.09606596827507019,Z
